VIN,Model,Year,Color,TrimLevel,MSRP,ManufacturingDate
3VWXYZ1A2BC3D4E5F,Civic,2024,Rallye Red,Sport Touring,29500.0,2024-03-15
1GCDS1N76XY90Z1234,Sierra 1500,2025,Summit White,Denali Ultimate,82100.0,2025-01-22
JTFDA1E92P1L60M74,RAV4,2024,Lunar Rock,XLE Premium,34500.0,2024-05-01
WMYRD56G4R8976543,Model 3,2024,Deep Blue,Long Range,48990.0,2024-04-10
KMHGT8S38RU012345,Elantra,2024,Intense Blue,SEL,24000.0,2024-02-28
WBAF54A0XG9876543,X5,2025,Black Sapphire,xDrive40i,66500.0,2025-01-05
5J6RS5A17SE301502,Forester,2024,Crystal White,Limited,34000.0,2024-03-01
SALLAB3A4R5019283,Range Rover,2024,British Racing Green,HSE,108000.0,2023-11-20
3GCPCS7E3G1708459,Camaro,2025,Vivid Orange,1SS,45000.0,2025-02-14
1FMTW8E33P5T94287,Explorer,2024,Rapid Red,ST-Line,47500.0,2024-06-01
JN1AZ0C57AR001002,Rogue,2024,Scarlet Ember,SV,29000.0,2024-05-18
KNAJJSV97R9001122,Telluride,2024,Glacial White,SX Prestige,53000.0,2024-04-25
2T2YD2H23MC009876,Tacoma,2025,Bronze Oxide,TRD Off-Road,48000.0,2025-01-10
4UZKS9B9XG2003004,Palisade,2024,Abyss Black,Calligraphy,51000.0,2024-03-29
5FNRL6H88DB005500,CR-V,2024,Platinum White,EX-L,33500.0,2024-04-05
WAUFGAF57R0012345,A4,2025,Mythos Black,Premium Plus,46000.0,2024-12-01
1FMEX7S88RG998877,Mustang,2024,Shadow Black,GT Premium,42000.0,2024-05-20
WDBPZ6E25N1010101,C-Class,2025,Polar White,C300,50500.0,2025-02-05
ZACNF3W78R9003000,Giulia,2024,Rosso Alfa,Veloce,49000.0,2024-01-15
JM1KE3D45R0102030,CX-5,2024,Soul Red,Carbon Edition,32000.0,2024-03-12
1HTM5028X1Y004567,Silverado,2025,Sterling Gray,LT Trail Boss,60000.0,2025-02-01
2C3CDZAG4NH112233,Challenger,2024,F8 Green,R/T Scat Pack,55000.0,2024-06-10
VF3SADR98R0010010,Peugeot 3008,2024,Pearl White,GT Line,35000.0,2024-04-20
W1N3757474S384859,Porsche 911,2025,Lava Orange,Carrera S,135000.0,2025-01-25
4UZKS9B9XG2003005,Palisade,2024,Graphite Grey,SEL,42000.0,2024-03-29
